<?xml version="1.0" encoding="UTF-8" standalone="yes"?>
<addon id="repository.kuroshi" name="Kuroshi's XBMC Addons" version="1.0.0" provider-name="Kuroshi">
	<extension point="xbmc.addon.repository" name="Kuroshi's XBMC Addon Repository">
		<info compressed="false">https://github.com/kuruoujou/kuroshi-xbmc-repo/raw/master/addons.xml</info>
		<checksum>https://github.com/kuruoujou/kuroshi-xbmc-repo/raw/master/addons.xml.md5</checksum>
		<datadir zip="true">https://github.com/kuruoujou/kuroshi-xbmc-repo/raw/master/</datadir>
	</extension>
	<extension point="xbmc.addon.metadata">
		<summary>Kuroshi's Addon Repository</summary>
		<description>Download and install kuroshi's addon repository, home of the MAL updater plugin!</description>
		<disclaimer></disclaimer>
		<platform>all</platform>
	</extension>
</addon>
